Model,Train R²,Test R²,Train RMSE,Test RMSE,Train MAE,Test MAE,Training Time
Decision Tree,0.9999199327895909,0.9390807855006011,3.137279025690793,93.08654910888039,0.3937007874015748,52.368750000000006,0.002469778060913086
Bagging Tree,0.9966185670990143,0.9704676337971277,20.388073199695704,64.81251968003018,13.538446194225717,42.90194791666665,0.05166482925415039
Random Forest,0.9965296230559301,0.9678722096113224,20.654473165017045,67.60054727958935,13.69118372703412,44.72993749999999,0.035447120666503906
AdaBoost,0.9851679534849966,0.9422075009206048,42.699848740193,90.66622223033092,33.363720952029055,67.62640776372395,0.03619790077209473
Gradient Boosting,0.9992079507489408,0.9761750158077264,9.867380851716348,58.21381932485178,7.319635863668987,37.8837370799868,0.01964116096496582
